ID,Name,Department,Period,Productivity,Quality,Teamwork,Attendance
E001,Hunk,IT,January,80.0,85.0,75.0,90.0
E002,envoy,HR,January,90.0,88.0,92.0,95.0
E001,Doom,IT,February,85.0,90.0,80.0,95.0
E002,paul,HR,February,92.0,90.0,95.0,96.0
E003,atreides,IT,February,78.0,82.0,85.0,88.0
E004,Leon,Finance,January,88.0,84.0,90.0,92.0
E005,Nathan,IT,January,76.0,80.0,78.0,85.0
E006,Kratos,Security,January,95.0,92.0,88.0,94.0
E007,Melania,HR,January,82.0,86.0,89.0,91.0
E008,Peter,Sales,January,74.0,79.0,83.0,87.0
E009,Miles,IT,January,91.0,89.0,94.0,96.0
E010,Alex,Marketing,January,85.0,87.0,81.0,90.0
E011,John,Finance,January,79.0,83.0,85.0,88.0
